
insert into Client
values(11111111,'Jacob','Montreal St catherine',19901001,20101001,'12312312311','500','asdasa@gmail.com','111111'),
(11111112,'Michael','Montreal St catherine',19901002,20101002,'12312312312','500','asdasa@gmail.com','111112'),
(11111113,'Ethan','Montreal St catherine',19901003,20101003,'12312312313','500','asdasa@gmail.com','111113'),
(11111114,'Joshua','Montreal St catherine',19901004,20101004,'12312312314','500','asdasa@gmail.com','111114'),
(11111115,'Alexander','Montreal St catherine',19901005,20101005,'12312312315','500','asdasa@gmail.com','111115'),
(11111116,'Anthony','Montreal St catherine',19901006,20101006,'12312312316','500','asdasa@gmail.com','111116'),
(11111117,'William','Montreal St catherine',19901007,20101007,'12312312317','500','asdasa@gmail.com','111117'),
(11111118,'Christopher','Montreal St catherine',19901008,20101008,'12312312318','500','asdasa@gmail.com','111118'),
(11111119,'Jayden','Montreal St catherine',19901009,20101009,'12312312319','5000','asdasa@gmail.com','111119'),
(11111120,'Andrew','Montreal St catherine',19901010,20101010,'12312312320','5000','asdasa@gmail.com','111120'),
(11111121,'Joseph','Montreal St catherine',19901011,20101011,'12312312321','5000','asdasa@gmail.com','111121'),
(11111122,'David','Montreal St catherine',19901012,20101012,'12312312322','5000','asdasa@gmail.com','111122'),
(11111123,'Noad','Montreal St catherine',19901013,20101013,'12312312323','5000','asdasa@gmail.com','111123'),
(11111124,'Aiden','Montreal St catherine',19901014,20101014,'12312312324','5000','asdasa@gmail.com','111124'),
(11111125,'James','Montreal St catherine',19901015,20101015,'12312312325','5000','asdasa@gmail.com','111125'),
(11111126,'Ryan','Montreal St catherine',19901016,20101016,'12312312326','5000','asdasa@gmail.com','111126'),
(11111127,'Logan','Montreal St catherine',19901017,20101017,'12312312327','5000','asdasa@gmail.com','111127');


insert into Employee
values
(902201,'Logan',20011001,'Montreal St catherine','Pilec@gmail.com','1231232562','president',30000,10001,'111111'),
(902202,'Logan',20011002,'Montreal St catherine','Auqnx@gmail.com','1231232563','general manager',20000,10002,'111112'),
(902203,'John',20011003,'Montreal St catherine','Cbstg@gmail.com','1231232564','general manager',20000,10003,'111113'),
(902204,'Nathan',20011004,'Montreal St catherine','Bxlsv@gmail.com','1231232565','general manager',20000,10004,'111114'),
(902205,'Elijah',20011005,'Montreal St catherine','Mxxjl@gmail.com','1231232566','manager',10000,10005,'111115'),
(902206,'Christian',20011006,'Montreal St catherine','Eusjv@gmail.com','1231232567','manager',10000,10006,'111116'),
(902207,'Gabriel',20011007,'Montreal St catherine','Drbtr@gmail.com','1231232568','manager',10000,10007,'111117'),
(902208,'Benjamin',20011008,'Montreal St catherine','Ecjtu@gmail.com','1231232569','manager',10000,10001,'111118'),
(902209,'Jonathan',20011009,'Montreal St catherine','Vhlsj@gmail.com','1231232570','manager',10000,10002,'111119'),
(902210,'Tyler',20011010,'Montreal St catherine','Rnffp@gmail.com','1231232571','manager',10000,10003,'111120'),
(902211,'Elijah ',20011011,'Montreal St catherine','Afmfk@gmail.com','1231232572','manager',10000,10004,'111121'),
(902212,'Christian',20011012,'Montreal St catherine','Wasil@gmail.com','1231232573','manager',10000,10005,'111122'),
(902213,'Gabriel ',20011013,'Montreal St catherine','Mewdg@gmail.com','1231232574','manager',10000,10006,'111123'),
(902214,'Benjamin ',20011014,'Montreal St catherine','Pilec@gmail.com','1231232575','manager',10000,10007,'111124');

insert into Schedule
values
(1,902201,'Monday','09:00:00','17:00:00'),
(2,902202,'Tuesday','09:00:00','17:00:00'),
(3,902203,'Wednesday','09:00:00','17:00:00'),
(4,902204,'Thursday','09:00:00','17:00:00'),
(5,902205,'Friday','09:00:00','17:00:00'),
(6,902206,'Saturday','09:00:00','17:00:00'),
(7,902207,'Sunday','09:00:00','17:00:00'),
(8,902208,'Monday','09:00:00','17:00:00'),
(9,902209,'Tuesday','09:00:00','17:00:00'),
(10,902210,'Wednesday','09:00:00','17:00:00'),
(11,902211,'Thursday','09:00:00','17:00:00'),
(12,902212,'Friday','09:00:00','17:00:00'),
(13,902213,'Saturday','09:00:00','17:00:00'),
(14,902214,'Sunday','09:00:00','17:00:00'),
(15,902201,'Monday','09:00:00','17:00:00'),
(16,902202,'Tuesday','09:00:00','17:00:00'),
(17,902203,'Wednesday','09:00:00','17:00:00'),
(18,902204,'Thursday','09:00:00','17:00:00'),
(19,902205,'Friday','09:00:00','17:00:00'),
(20,902206,'Saturday','09:00:00','17:00:00'),
(21,902207,'Sunday','09:00:00','17:00:00'),
(22,902208,'Monday','09:00:00','17:00:00'),
(23,902209,'Tuesday','09:00:00','17:00:00'),
(24,902210,'Wednesday','09:00:00','17:00:00'),
(25,902211,'Thursday','09:00:00','17:00:00'),
(26,902212,'Friday','09:00:00','17:00:00'),
(27,902213,'Saturday','09:00:00','17:00:00'),
(28,902214,'Sunday','09:00:00','17:00:00'),
(29,902201,'Monday','09:00:00','17:00:00'),
(30,902202,'Tuesday','09:00:00','17:00:00'),
(31,902203,'Wednesday','09:00:00','17:00:00'),
(32,902204,'Thursday','09:00:00','17:00:00'),
(33,902205,'Friday','09:00:00','17:00:00'),
(34,902206,'Saturday','09:00:00','17:00:00'),
(35,902207,'Sunday','09:00:00','17:00:00'),
(36,902208,'Monday','09:00:00','17:00:00'),
(37,902209,'Tuesday','09:00:00','17:00:00'),
(38,902210,'Wednesday','09:00:00','17:00:00'),
(39,902211,'Thursday','09:00:00','17:00:00'),
(40,902212,'Friday','09:00:00','17:00:00'),
(41,902213,'Saturday','09:00:00','17:00:00'),
(42,902214,'Sunday','09:00:00','17:00:00');

insert into Account
values
(11111111,'savings','personal',100000,'basic',0.02,11111111,10001),
(11111112,'savings','business',100000,'standard',0.02,11111112,10002),
(11111113,'savings','corporate',100000,'premium',0.02,11111113,10003),
(11111114,'savings','personal',100000,'professional',0.02,11111114,10004),
(11111115,'billing','corporate',100000,'corporate billing',0,11111114,10005),
(11111116,'savings','corporate',100000,'basic',0.02,11111111,10006),
(11111117,'checking','personal',100000,'standard',0,11111112,10007),
(11111118,'checking','business',100000,'premium',0,11111113,10001),
(11111119,'checking','corporate',100000,'professional',0,11111114,10002),
(11111120,'billing','corporate',100000,'corporate billing',0,11111115,10003),
(11111121,'checking','business',100000,'basic',0,11111111,10004),
(11111122,'checking','corporate',100000,'standard',0,11111112,10005),
(11111123,'checking','personal',100000,'premium',0,11111113,10006),
(11111124,'checking','business',100000,'professional',0,11111114,10007),
(11111125,'billing','corporate',100000,'corporate billing',0,11111116,10001),
(11111126,'checking','personal',100000,'basic',0,11111117,10002),
(11111127,'checking','business',100000,'standard',0,11111111,10003),
(11111128,'checking','corporate',100000,'premium',0,11111112,10004),
(11111129,'checking','personal',100000,'professional',0,11111113,10005),
(11111130,'billing','corporate',100000,'corporate billing',0,11111114,10006),
(11111131,'savings','corporate',100000,'basic',0.02,11111117,10007),
(11111132,'savings','personal',100000,'standard',0.02,11111111,10001),
(11111133,'savings','business',100000,'premium',0.02,11111112,10002),
(11111134,'savings','corporate',100000,'professional',0.02,11111113,10003);

insert into Branch
values
(10001,19901001,902202,'Montreal',12331211111,123456789),
(10002,19901002,902203,'Montreal',12331211112,123456790),
(10003,19901003,902204,'Montreal',12331211113,123456791),
(10004,19901004,902205,'Montreal',12331211114,123456792),
(10005,19901005,902206,'Toronto',12331211115,123456793),
(10006,19901006,902207,'Toronto',12331211116,123456794),
(10007,19901007,902208,'Toronto',12331211117,123456795),

insert into Transaction
values
(1,11111111,11111115,20180101,'billing',500),
(2,11111112,11111120,20180102,'billing',500),
(3,11111113,11111125,20180103,'billing',500),
(4,11111114,11111130,20180104,'billing',500),
(5,11111116,11111111,20180105,'transfer',500),
(6,11111117,11111112,20180106,'transfer',500),
(7,11111118,11111113,20180107,'transfer',500),
(8,11111119,11111114,20180108,'transfer',500),
(9,11111121,11111116,20180109,'transfer',500),
(10,11111122,11111117,20180110,'transfer',500),
(11,11111123,11111118,20180111,'transfer',500),
(12,11111124,11111119,20180112,'transfer',500),
(13,11111126,11111121,20180113,'transfer',500),
(14,11111127,11111122,20180114,'transfer',500),
(15,11111128,11111123,20180115,'transfer',500),
(16,11111129,11111124,20180116,'transfer',500),
(17,11111131,11111126,20180117,'transfer',500),
(18,11111132,11111115,20180118,'billing',500),
(19,11111133,11111120,20180119,'billing',500),
(20,11111134,11111125,20180120,'billing',500),
(21,11111111,11111130,20180121,'billing',500),
(22,11111112,11111125,20180122,'billing',500),
(23,11111113,11111130,20180123,'billing',500),
(24,11111114,11111111,20180124,'transfer',500),
(25,11111116,11111112,20180125,'transfer',500),
(26,11111117,11111113,20180126,'transfer',500),
(27,11111118,11111114,20180127,'transfer',500),
(28,11111119,11111116,20180128,'transfer',500),
(29,11111121,11111117,20180129,'transfer',500),
(30,11111122,11111118,20180130,'transfer',500),
(31,11111123,11111119,20180201,'transfer',500),
(32,11111124,11111121,20180202,'transfer',500),
(33,11111126,11111122,20180203,'transfer',500),
(34,11111127,11111123,20180204,'transfer',500),
(35,11111128,11111124,20180205,'transfer',500),
(36,11111129,11111126,20180206,'transfer',500),
(37,11111131,11111115,20180207,'billing',500),
(38,11111132,11111120,20180208,'billing',500),
(39,11111133,11111125,20180209,'billing',500),
(40,11111134,11111130,20180210,'billing',500);



alter table Branch add foreign key (manager_id) references Employee(id) on delete cascade on update cascade;
alter table Employee add foreign key (branch_id) references Branch(id) on delete cascade on update cascade;

alter table Account add foreign key (client_id) references Client(id) on delete cascade on update cascade;
alter table Account add foreign key (branch_id) references Branch(id) on delete cascade on update cascade;
alter table Account add foreign key (type) references Type(name) on delete cascade on update cascade;
alter table Account add foreign key (option_) references ChargePlan(option_) on delete cascade on update cascade;

alter table GeneralManagers add foreign key (employee_id) references Employee(id) on delete cascade on update cascade;

alter table Bills add foreign key (account_id) references Account(id) on delete cascade on update cascade;

alter table transaction  add foreign key (dest_type) references Type(name) on delete cascade on update cascade;
